{
  "$schema": "https://schema.management.azure.com/schemas/2019-04-01/deploymentTemplate.json#",
  "contentVersion": "1.0.0.0",
  "metadata": {
    "_generator": {
      "name": "bicep",
      "version": "0.27.1.19265",
      "templateHash": "10236278406252242019"
    }
  },
  "parameters": {
    "location": {
      "type": "string",
      "defaultValue": "[resourceGroup().location]"
    },
    "nameSuffix": {
      "type": "string",
      "defaultValue": "[uniqueString(resourceGroup().id)]"
    },
    "stackClusterAddress": {
      "type": "string",
      "defaultValue": "https://tenant.region.cloud.thethings.industries/api/v3",
      "metadata": {
        "description": "The Things Stack Cluster HTTP Address"
      }
    },
    "stackApplicationID": {
      "type": "string",
      "metadata": {
        "description": "The Things Stack Application ID"
      }
    },
    "stackAPIKey": {
      "type": "securestring",
      "metadata": {
        "description": "The Things Stack API Key"
      }
    },
    "eventHubNameSpaceSKU": {
      "type": "string",
      "defaultValue": "Standard"
    },
    "iotHubSKU": {
      "type": "string",
      "defaultValue": "S1"
    },
    "iotHubCapacity": {
      "type": "int",
      "defaultValue": 1
    },
    "storageAccountSKU": {
      "type": "string",
      "defaultValue": "Standard_LRS"
    },
    "appServicePlanSKU": {
      "type": "string",
      "defaultValue": "Y1"
    },
    "appServicePlanTier": {
      "type": "string",
      "defaultValue": "Dynamic"
    },
    "enableFallbackRoute": {
      "type": "bool",
      "defaultValue": true,
      "metadata": {
        "description": "If enabled, the default IoT Hub fallback route will be added"
      }
    }
  },
  "variables": {
    "$fxv#0": "#r \"System.Text.Json\"\r\n#r \"Microsoft.Extensions.Configuration\"\r\n#r \"Microsoft.Extensions.Configuration.FileExtensions\"\r\n#r \"Microsoft.Extensions.Configuration.EnvironmentVariables\"\r\n#r \"Microsoft.Extensions.Configuration.Abstractions\"\r\n#r \"Microsoft.Azure.WebJobs\"\r\n#r \"Azure.Messaging.EventHubs\"\r\n\r\nusing System.Threading.Tasks;\r\nusing System.Text.Json.Serialization;\r\nusing System.Text.Json;\r\nusing System.Text;\r\nusing System.Net.Http;\r\nusing System.IO;\r\nusing System.Collections.Generic;\r\nusing System;\r\nusing Microsoft.Extensions.Logging;\r\nusing Microsoft.Extensions.Configuration;\r\nusing Microsoft.Azure.WebJobs;\r\nusing CToken = System.Threading.CancellationToken;\r\nusing Azure.Messaging.EventHubs;\r\n\r\npublic struct ApplicationIdentifiers\r\n{\r\n    [JsonPropertyName(\"application_id\")]\r\n    public string ApplicationID\r\n    {\r\n        get;\r\n        set;\r\n    }\r\n\r\n    public ApplicationIdentifiers(string applicationID) => ApplicationID = applicationID;\r\n}\r\n\r\npublic struct EndDeviceIdentifiers\r\n{\r\n    [JsonPropertyName(\"application_ids\")]\r\n    public ApplicationIdentifiers ApplicationIdentifiers\r\n    {\r\n        get;\r\n        set;\r\n    }\r\n\r\n    [JsonPropertyName(\"device_id\")]\r\n    public string DeviceID\r\n    {\r\n        get;\r\n        set;\r\n    }\r\n\r\n    public EndDeviceIdentifiers(ApplicationIdentifiers applicationIdentifiers, string deviceID)\r\n    {\r\n        ApplicationIdentifiers = applicationIdentifiers;\r\n        DeviceID = deviceID;\r\n    }\r\n}\r\n\r\npublic struct StackEvent\r\n{\r\n    [JsonPropertyName(\"end_device_ids\")]\r\n    public EndDeviceIdentifiers EndDeviceIdentifiers\r\n    {\r\n        get;\r\n        set;\r\n    }\r\n\r\n    [JsonPropertyName(\"body\")]\r\n    public JsonElement Body\r\n    {\r\n        get;\r\n        set;\r\n    }\r\n\r\n    [JsonPropertyName(\"properties\")]\r\n    public IDictionary<string, object> Properties\r\n    {\r\n        get;\r\n        set;\r\n    }\r\n\r\n    public StackEvent(EndDeviceIdentifiers endDeviceIdentifiers, JsonElement body, IDictionary<string, object> properties)\r\n    {\r\n        EndDeviceIdentifiers = endDeviceIdentifiers;\r\n        Body = body;\r\n        Properties = properties;\r\n    }\r\n}\r\n\r\npublic struct StackEvents\r\n{\r\n    [JsonPropertyName(\"events\")]\r\n    public StackEvent[] Events\r\n    {\r\n        get;\r\n        set;\r\n    }\r\n\r\n    public StackEvents(StackEvent[] events) => Events = events;\r\n}\r\n\r\nprivate static readonly HttpClient client = new HttpClient();\r\n\r\n[FunctionName(\"SubmitEvents\")]\r\npublic static async Task Run(EventData[] events, ExecutionContext context, ILogger log, CToken token)\r\n{\r\n    var config = new ConfigurationBuilder().SetBasePath(context.FunctionAppDirectory).AddEnvironmentVariables().Build();\r\n\r\n    var applicationIdentifiers = new ApplicationIdentifiers(config[\"STACK_APPLICATION_ID\"]);\r\n    var apiKey = config[\"STACK_API_KEY\"];\r\n    var uriBuilder = new UriBuilder(config[\"STACK_BASE_URL\"]);\r\n    uriBuilder.Path = Path.Combine(uriBuilder.Path, \"as/applications\", applicationIdentifiers.ApplicationID, \"packages/azureiothub/events\");\r\n\r\n    var stackEvents = new StackEvent[events.Length];\r\n    for (var i = 0; i < events.Length; i++)\r\n    {\r\n        var ev = events[i];\r\n        var props = ev.Properties;\r\n        var deviceID = (string)props[\"deviceId\"];\r\n\r\n        stackEvents[i] = new StackEvent(\r\n          new EndDeviceIdentifiers(applicationIdentifiers, deviceID),\r\n          JsonDocument.Parse(ev.Body).RootElement,\r\n          props\r\n        );\r\n    }\r\n\r\n    var response = await client.SendAsync(new HttpRequestMessage\r\n    {\r\n        RequestUri = uriBuilder.Uri,\r\n        Method = HttpMethod.Post,\r\n        Headers = {\r\n        {\r\n          \"Authorization\", $\"Bearer {apiKey}\"\r\n        }\r\n      },\r\n        Content = new StringContent(\r\n          JsonSerializer.Serialize(new StackEvents(stackEvents)),\r\n          Encoding.UTF8,\r\n          \"application/json\"\r\n        ),\r\n    }, token);\r\n    response.EnsureSuccessStatusCode();\r\n}\r\n",
    "$fxv#1": "<Project Sdk=\"Microsoft.NET.Sdk\">\r\n  <PropertyGroup>\r\n    <TargetFramework>net8.0</TargetFramework>\r\n    <AzureFunctionsVersion>v4</AzureFunctionsVersion>\r\n  </PropertyGroup>\r\n  <ItemGroup>\r\n    <PackageReference Include=\"Microsoft.NET.Sdk.Functions\" Version=\"4.4.0\" />\r\n    <PackageReference Include=\"Microsoft.Azure.WebJobs\" Version=\"3.0.39\" />\r\n    <PackageReference Include=\"Microsoft.Azure.WebJobs.Extensions.EventHubs\" Version=\"6.3.2\" />\r\n    <PackageReference Include=\"Azure.Messaging.EventHubs\" Version=\"5.11.3\" />\r\n  </ItemGroup>\r\n</Project>\r\n",
    "functionAppName": "[format('fn-{0}', parameters('nameSuffix'))]",
    "appServicePlanName": "[format('aps-{0}', parameters('nameSuffix'))]",
    "appInsightsName": "[format('ai-{0}', parameters('nameSuffix'))]",
    "storageAccountName": "[format('fnstor{0}', replace(parameters('nameSuffix'), '-', ''))]",
    "eventHubNamespaceName": "[format('evhubns-{0}', parameters('nameSuffix'))]",
    "iotHubName": "[format('iothub-{0}', parameters('nameSuffix'))]",
    "functionName": "SubmitEvents",
    "functionFullName": "[format('{0}/{1}', variables('functionAppName'), variables('functionName'))]",
    "eventHubName": "Events",
    "eventHubFullName": "[format('{0}/{1}', variables('eventHubNamespaceName'), variables('eventHubName'))]",
    "eventHubEndpointName": "StackEvents"
  },
  "resources": [
    {
      "type": "Microsoft.EventHub/namespaces",
      "apiVersion": "2023-01-01-preview",
      "name": "[variables('eventHubNamespaceName')]",
      "location": "[parameters('location')]",
      "sku": {
        "name": "[parameters('eventHubNameSpaceSKU')]"
      },
      "properties": {}
    },
    {
      "type": "Microsoft.EventHub/namespaces/eventhubs",
      "apiVersion": "2023-01-01-preview",
      "name": "[variables('eventHubFullName')]",
      "properties": {},
      "dependsOn": [
        "[resourceId('Microsoft.EventHub/namespaces', variables('eventHubNamespaceName'))]"
      ]
    },
    {
      "type": "Microsoft.EventHub/namespaces/eventhubs/authorizationRules",
      "apiVersion": "2023-01-01-preview",
      "name": "[format('{0}/{1}/{2}', split(variables('eventHubFullName'), '/')[0], split(variables('eventHubFullName'), '/')[1], 'Send')]",
      "properties": {
        "rights": [
          "Send"
        ]
      },
      "dependsOn": [
        "[resourceId('Microsoft.EventHub/namespaces/eventhubs', split(variables('eventHubFullName'), '/')[0], split(variables('eventHubFullName'), '/')[1])]"
      ]
    },
    {
      "type": "Microsoft.EventHub/namespaces/eventhubs/authorizationRules",
      "apiVersion": "2023-01-01-preview",
      "name": "[format('{0}/{1}/{2}', split(variables('eventHubFullName'), '/')[0], split(variables('eventHubFullName'), '/')[1], 'Listen')]",
      "properties": {
        "rights": [
          "Listen"
        ]
      },
      "dependsOn": [
        "[resourceId('Microsoft.EventHub/namespaces/eventhubs', split(variables('eventHubFullName'), '/')[0], split(variables('eventHubFullName'), '/')[1])]"
      ]
    },
    {
      "type": "Microsoft.Devices/IotHubs",
      "apiVersion": "2023-06-30",
      "name": "[variables('iotHubName')]",
      "location": "[parameters('location')]",
      "sku": {
        "name": "[parameters('iotHubSKU')]",
        "capacity": "[parameters('iotHubCapacity')]"
      },
      "properties": {
        "routing": {
          "endpoints": {
            "eventHubs": [
              {
                "name": "[variables('eventHubEndpointName')]",
                "connectionString": "[listKeys(resourceId('Microsoft.EventHub/namespaces/eventhubs/authorizationRules', split(variables('eventHubFullName'), '/')[0], split(variables('eventHubFullName'), '/')[1], 'Send'), '2023-01-01-preview').primaryConnectionString]"
              }
            ]
          },
          "routes": [
            {
              "name": "TTSTwinChangeEvents",
              "isEnabled": true,
              "source": "TwinChangeEvents",
              "condition": "IS_OBJECT($body.properties.desired) OR IS_OBJECT($body.tags)",
              "endpointNames": [
                "[variables('eventHubEndpointName')]"
              ]
            },
            {
              "name": "TTSDeviceLifecycleEvents",
              "isEnabled": true,
              "source": "DeviceLifecycleEvents",
              "endpointNames": [
                "[variables('eventHubEndpointName')]"
              ]
            }
          ],
          "fallbackRoute": "[if(parameters('enableFallbackRoute'), createObject('name', 'FallbackRoute', 'isEnabled', true(), 'source', 'DeviceMessages', 'endpointNames', createArray('events')), null())]"
        }
      },
      "dependsOn": [
        "[resourceId('Microsoft.EventHub/namespaces/eventhubs/authorizationRules', split(variables('eventHubFullName'), '/')[0], split(variables('eventHubFullName'), '/')[1], 'Send')]"
      ]
    },
    {
      "type": "Microsoft.Storage/storageAccounts",
      "apiVersion": "2023-01-01",
      "name": "[variables('storageAccountName')]",
      "location": "[parameters('location')]",
      "sku": {
        "name": "[parameters('storageAccountSKU')]"
      },
      "kind": "StorageV2",
      "properties": {
        "supportsHttpsTrafficOnly": true,
        "encryption": {
          "services": {
            "file": {
              "keyType": "Account",
              "enabled": true
            },
            "blob": {
              "keyType": "Account",
              "enabled": true
            }
          },
          "keySource": "Microsoft.Storage"
        },
        "accessTier": "Hot"
      }
    },
    {
      "type": "Microsoft.Insights/components",
      "apiVersion": "2020-02-02",
      "name": "[variables('appInsightsName')]",
      "location": "[parameters('location')]",
      "kind": "web",
      "properties": {
        "Application_Type": "web",
        "publicNetworkAccessForIngestion": "Enabled",
        "publicNetworkAccessForQuery": "Enabled"
      }
    },
    {
      "type": "Microsoft.Web/serverfarms",
      "apiVersion": "2022-09-01",
      "name": "[variables('appServicePlanName')]",
      "location": "[parameters('location')]",
      "kind": "functionapp",
      "sku": {
        "name": "[parameters('appServicePlanSKU')]",
        "tier": "[parameters('appServicePlanTier')]"
      },
      "properties": {}
    },
    {
      "type": "Microsoft.Web/sites",
      "apiVersion": "2022-09-01",
      "name": "[variables('functionAppName')]",
      "location": "[parameters('location')]",
      "kind": "functionapp",
      "properties": {
        "serverFarmId": "[resourceId('Microsoft.Web/serverfarms', variables('appServicePlanName'))]",
        "siteConfig": {
          "appSettings": [
            {
              "name": "AzureWebJobsStorage",
              "value": "[format('DefaultEndpointsProtocol=https;AccountName={0};EndpointSuffix={1};AccountKey={2}', variables('storageAccountName'), environment().suffixes.storage, listKeys(resourceId('Microsoft.Storage/storageAccounts', variables('storageAccountName')), '2023-01-01').keys[0].value)]"
            },
            {
              "name": "WEBSITE_CONTENTAZUREFILECONNECTIONSTRING",
              "value": "[format('DefaultEndpointsProtocol=https;AccountName={0};EndpointSuffix={1};AccountKey={2}', variables('storageAccountName'), environment().suffixes.storage, listKeys(resourceId('Microsoft.Storage/storageAccounts', variables('storageAccountName')), '2023-01-01').keys[0].value)]"
            },
            {
              "name": "APPINSIGHTS_INSTRUMENTATIONKEY",
              "value": "[reference(resourceId('Microsoft.Insights/components', variables('appInsightsName')), '2020-02-02').InstrumentationKey]"
            },
            {
              "name": "APPLICATIONINSIGHTS_CONNECTION_STRING",
              "value": "[format('InstrumentationKey={0}', reference(resourceId('Microsoft.Insights/components', variables('appInsightsName')), '2020-02-02').InstrumentationKey)]"
            },
            {
              "name": "FUNCTIONS_WORKER_RUNTIME",
              "value": "dotnet"
            },
            {
              "name": "FUNCTIONS_EXTENSION_VERSION",
              "value": "~4"
            },
            {
              "name": "EVENTHUB_CONNECTION_STRING",
              "value": "[listKeys(resourceId('Microsoft.EventHub/namespaces/eventhubs/authorizationRules', split(variables('eventHubFullName'), '/')[0], split(variables('eventHubFullName'), '/')[1], 'Listen'), '2023-01-01-preview').primaryConnectionString]"
            },
            {
              "name": "STACK_BASE_URL",
              "value": "[parameters('stackClusterAddress')]"
            },
            {
              "name": "STACK_APPLICATION_ID",
              "value": "[parameters('stackApplicationID')]"
            },
            {
              "name": "STACK_API_KEY",
              "value": "[parameters('stackAPIKey')]"
            }
          ]
        },
        "httpsOnly": true
      },
      "dependsOn": [
        "[resourceId('Microsoft.Insights/components', variables('appInsightsName'))]",
        "[resourceId('Microsoft.Web/serverfarms', variables('appServicePlanName'))]",
        "[resourceId('Microsoft.EventHub/namespaces/eventhubs/authorizationRules', split(variables('eventHubFullName'), '/')[0], split(variables('eventHubFullName'), '/')[1], 'Listen')]",
        "[resourceId('Microsoft.Storage/storageAccounts', variables('storageAccountName'))]"
      ]
    },
    {
      "type": "Microsoft.Web/sites/functions",
      "apiVersion": "2022-09-01",
      "name": "[variables('functionFullName')]",
      "properties": {
        "config": {
          "disabled": false,
          "scriptFile": "run.csx",
          "bindings": [
            {
              "type": "eventHubTrigger",
              "name": "events",
              "direction": "in",
              "eventHubName": "[variables('eventHubName')]",
              "connection": "EVENTHUB_CONNECTION_STRING",
              "cardinality": "many",
              "consumerGroup": "$Default",
              "dataType": "binary"
            }
          ]
        },
        "files": {
          "run.csx": "[variables('$fxv#0')]",
          "function.proj": "[variables('$fxv#1')]"
        }
      },
      "dependsOn": [
        "[resourceId('Microsoft.Web/sites', variables('functionAppName'))]"
      ]
    }
  ],
  "outputs": {
    "iotHubHostname": {
      "type": "string",
      "value": "[reference(resourceId('Microsoft.Devices/IotHubs', variables('iotHubName')), '2023-06-30').hostName]"
    },
    "iotHubOwnerKey": {
      "type": "string",
      "value": "[listKeys(resourceId('Microsoft.Devices/IotHubs', variables('iotHubName')), '2023-06-30').value[0].primaryKey]"
    }
  }
}